CarNumber,Make_n_model,Refund,Fines,History,Make,Model,Year
Y163O8161RUS,Ford Focus,2,3200.0,,Ford,Focus,2017
E432XX77RUS,Toyota Camry,1,6500.0,,Toyota,Camry,1990
7184TT36RUS,Ford Focus,1,2100.0,,Ford,Focus,1995
X582HE161RUS,Ford Focus,2,2000.0,,Ford,Focus,1989
E34877152RUS,Ford Focus,2,6100.0,,Ford,Focus,1982
92918M178RUS,Ford Focus,1,5700.0,,Ford,Focus,2016
E53488152RUS,Ford Focus,2,1800.0,,Ford,Focus,1983
X4128H125RUS,Ford Focus,1,7860.9896432681,2.0,Ford,Focus,2004
C593EY154RUS,Ford Focus,1,1000.0,,Ford,Focus,1995
8049HT125RUS,Ford Focus,1,500.0,,Ford,Focus,2004
H234YH197RUS,Ford Focus,2,6000.0,,Ford,Focus,2007
E40577152RUS,Ford Focus,1,7860.9896432681,,Ford,Focus,2001
707987163RUS,Ford Focus,2,2200.0,,Ford,Focus,2001
K330T8197RUS,Skoda Octavia,2,8200.0,,Skoda,Octavia,1989
X786CO96RUS,Ford Focus,1,7860.9896432681,,Ford,Focus,1985
C477M7161RUS,Ford Focus,1,2500.0,,Ford,Focus,2002
O21997197RUS,Ford Focus,1,2000.0,,Ford,Focus,2009
M592CH197RUS,Skoda Octavia,2,7860.9896432681,,Skoda,Octavia,2009
9020YC197RUS,Skoda Octavia,2,145000.0,,Skoda,Octavia,1992
8182XX154RUS,Ford Focus,1,200.0,,Ford,Focus,1990
7830C8197RUS,Ford Focus,2,7860.9896432681,,Ford,Focus,1982
9408H7178RUS,Skoda Octavia,1,1000.0,,Skoda,Octavia,1984
7066C8197RUS,Volkswagen Passat,2,15000.0,3.0,Volkswagen,Passat,2014
M298CH161RUS,Ford Focus,2,7860.9896432681,,Ford,Focus,2005
M0299X197RUS,Ford Focus,2,19200.0,,Ford,Focus,1986
M268CH197RUS,Toyota Camry,2,800.0,,Toyota,Camry,2019
E445TC197RUS,Ford Focus,1,7860.9896432681,,Ford,Focus,2015
8440XX154RUS,Ford Focus,1,6200.0,,Ford,Focus,2010
9371CE154RUS,Skoda Octavia,2,7860.9896432681,,Skoda,Octavia,1993
9182CE154RUS,Ford Focus,2,19800.0,,Ford,Focus,2017
8601XX154RUS,Skoda Octavia,1,1300.0,,Skoda,Octavia,1991
X286TC36RUS,Ford Focus,1,500.0,,Ford,Focus,2003
83298C154RUS,Ford Focus,2,7860.9896432681,,Ford,Focus,1987
Y7659C197RUS,Ford Focus,2,7860.9896432681,,Ford,Focus,2009
C922YE197RUS,Volkswagen Golf,2,3800.0,,Volkswagen,Golf,1986
E34877152RUS,Ford Focus,2,6100.0,,Ford,Focus,2005
9935TE152RUS,Ford Focus,2,2500.0,,Ford,Focus,2017
7364C8197RUS,Ford Focus,2,7860.9896432681,,Ford,Focus,2004
M375CH197RUS,Ford Focus,2,18100.0,,Ford,Focus,1998
M5039X197RUS,Volkswagen,2,7400.0,,Volkswagen,,1987
8603T8154RUS,Ford Focus,1,1500.0,1.0,Ford,Focus,2011
83218C154RUS,Ford Focus,1,100.0,,Ford,Focus,2009
9499KX178RUS,Ford Focus,2,2300.0,,Ford,Focus,1985
92928M178RUS,Ford Focus,1,7860.9896432681,,Ford,Focus,2013
H232YH197RUS,Ford Focus,1,8600.0,,Ford,Focus,1985
O672E8197RUS,Skoda Octavia,2,63300.0,,Skoda,Octavia,2014
E42277152RUS,Ford Focus,2,10600.0,,Ford,Focus,2014
X767HY197RUS,Ford Focus,2,18000.0,,Ford,Focus,1988
C903MC161RUS,Volkswagen Jetta,1,1600.0,,Volkswagen,Jetta,2016
T7318T163RUS,Toyota Camry,2,12000.0,,Toyota,Camry,1989
Y7719C197RUS,Ford Focus,1,9200.0,,Ford,Focus,2013
T011MY163RUS,Ford Focus,1,2000.0,,Ford,Focus,1998
H115YO163RUS,Ford Focus,1,2200.0,,Ford,Focus,1992
C420X938RUS,Ford Focus,1,3300.0,5.0,Ford,Focus,1988
934497178RUS,Skoda Octavia,2,1900.0,,Skoda,Octavia,2007
X765HY197RUS,Ford Focus,2,13900.0,,Ford,Focus,1988
73467Y96RUS,Ford Focus,1,800.0,,Ford,Focus,1989
T6488M116RUS,Ford Focus,2,21000.0,,Ford,Focus,2011
O134HE197RUS,Ford Focus,1,7860.9896432681,,Ford,Focus,1985
H968HY161RUS,Ford Focus,1,2400.0,,Ford,Focus,2000
Y654E8750RUS,Skoda Octavia,1,500.0,,Skoda,Octavia,2010
H963HY161RUS,Ford Focus,2,2800.0,,Ford,Focus,2018
H232YH197RUS,Ford Focus,2,8600.0,,Ford,Focus,1984
7843C8197RUS,Ford Focus,2,12300.0,,Ford,Focus,2017
X791O796RUS,Ford Focus,1,500.0,,Ford,Focus,2013
Y359O8197RUS,Ford Focus,2,2000.0,,Ford,Focus,2013
H958HY161RUS,Ford Focus,1,1800.0,2.0,Ford,Focus,1989
X761HY197RUS,Ford Focus,2,18300.0,,Ford,Focus,2009
708587163RUS,Ford Focus,2,1400.0,,Ford,Focus,2010
Y358O8197RUS,Ford Focus,2,21800.0,,Ford,Focus,1990
Y973O8197RUS,Ford Focus,2,7860.9896432681,,Ford,Focus,2004
9677MO178RUS,Ford Mondeo,2,1100.0,,Ford,Mondeo,1990
97977H178RUS,Ford Focus,1,1000.0,,Ford,Focus,2001
7066C8197RUS,Volkswagen Passat,2,3000.0,,Volkswagen,Passat,2007
H917TC36RUS,Ford Focus,2,4000.0,,Ford,Focus,2017
7361C8197RUS,Ford Focus,1,800.0,,Ford,Focus,2005
92928M178RUS,Ford Focus,2,1200.0,,Ford,Focus,2002
X786CO96RUS,Ford Focus,1,1000.0,,Ford,Focus,2016
Y357O8197RUS,Ford Focus,1,2200.0,,Ford,Focus,2009
Y7709C197RUS,Ford Focus,1,500.0,,Ford,Focus,2013
E42377152RUS,Ford Focus,1,3000.0,4.0,Ford,Focus,2001
8513XX154RUS,Ford Focus,1,1500.0,,Ford,Focus,1997
T6418M116RUS,Ford Focus,2,24600.0,,Ford,Focus,2015
T870X7163RUS,Skoda Octavia,2,2000.0,,Skoda,Octavia,2002
8818C877RUS,Volkswagen Passat,1,2500.0,,Volkswagen,Passat,1994
T395OT197RUS,Volkswagen Touareg,2,7860.9896432681,,Volkswagen,Touareg,2015
K327T8197RUS,Volkswagen Golf,2,20800.0,,Volkswagen,Golf,2016
8311XX154RUS,Ford Focus,2,8600.0,,Ford,Focus,2010
X423MK197RUS,Ford Focus,2,14300.0,,Ford,Focus,1992
96429X178RUS,Ford Focus,1,2600.0,,Ford,Focus,2011
O275O7161RUS,Ford Focus,2,16600.0,,Ford,Focus,1990
7789KT197RUS,Ford Focus,2,12600.0,,Ford,Focus,2003
7248C8197RUS,Ford Mondeo,1,8600.0,,Ford,Mondeo,1985
O83697197RUS,Ford Focus,2,6100.0,,Ford,Focus,2015
E28877161RUS,Ford Focus,1,1000.0,,Ford,Focus,2009
T6068M116RUS,Ford Focus,1,1000.0,,Ford,Focus,2002
9498KX178RUS,Ford Focus,2,1600.0,,Ford,Focus,2008
9499KX178RUS,Ford Focus,2,2300.0,,Ford,Focus,2011
99209X178RUS,Skoda Octavia,1,500.0,,Skoda,Octavia,1991
T6449O50RUS,Ford Focus,2,7860.9896432681,,Ford,Focus,2012
9683EC178RUS,Ford Focus,2,26000.0,,Ford,Focus,2011
Y353O8197RUS,Ford Focus,2,21800.0,6.0,Ford,Focus,2005
O719MM163RUS,Ford Focus,2,2300.0,,Ford,Focus,2013
7784KT197RUS,Ford Focus,2,6600.0,,Ford,Focus,2007
E535MM199RUS,Volkswagen Touareg,1,500.0,,Volkswagen,Touareg,2002
H967HY161RUS,Ford Focus,1,4500.0,,Ford,Focus,1983
Y352O8197RUS,Ford Focus,2,103600.0,,Ford,Focus,2011
7788KT197RUS,Ford Focus,2,12000.0,,Ford,Focus,2011
Y351O8197RUS,Ford Focus,2,1500.0,,Ford,Focus,2008
T479KX197RUS,Ford Focus,2,12000.0,3.0,Ford,Focus,1989
92788M178RUS,Ford Focus,1,300.0,,Ford,Focus,1995
E807HE77RUS,Ford Focus,2,4500.0,,Ford,Focus,2007
7197TT36RUS,Ford Focus,1,6800.0,,Ford,Focus,2005
M516CH161RUS,Ford Focus,1,1000.0,,Ford,Focus,1987
89587X197RUS,Toyota Camry,1,7860.9896432681,,Toyota,Camry,2002
7781KT197RUS,Ford Focus,2,600.0,,Ford,Focus,2012
E645TH36RUS,Ford Focus,1,2400.0,,Ford,Focus,1982
89587X197RUS,Toyota Camry,2,4400.0,,Toyota,Camry,1991
Y302E877RUS,Ford Focus,1,500.0,2.0,Ford,Focus,2011
M058XE36RUS,Skoda Octavia,2,8500.0,,Skoda,Octavia,1986
7830C8197RUS,Ford Focus,1,5100.0,,Ford,Focus,1998
8166XX154RUS,Ford Focus,1,2400.0,,Ford,Focus,2005
M589CH197RUS,Volkswagen,2,7900.0,,Volkswagen,,1991
9408H7178RUS,Skoda Octavia,1,1000.0,,Skoda,Octavia,2005
H387TM197RUS,Volkswagen Passat,2,1600.0,,Volkswagen,Passat,1993
8049HT125RUS,Ford Focus,1,500.0,,Ford,Focus,1985
X015HY197RUS,Toyota Corolla,2,16000.0,,Toyota,Corolla,2002
T769OT197RUS,Volkswagen Golf,2,30900.0,,Volkswagen,Golf,1994
9698MO178RUS,Volkswagen Golf,2,18400.0,,Volkswagen,Golf,2015
8685HE154RUS,Ford Focus,1,1000.0,3.0,Ford,Focus,1981
O83697197RUS,Ford Focus,2,6100.0,,Ford,Focus,1993
7177TT36RUS,Ford Focus,1,1000.0,,Ford,Focus,1980
O77997197RUS,Ford Focus,1,22400.0,,Ford,Focus,2006
X242EC197RUS,Volkswagen Golf,1,10600.0,,Volkswagen,Golf,2001
Y234E877RUS,Ford Focus,1,7860.9896432681,,Ford,Focus,1998
K357YE77RUS,Volkswagen Golf,1,5000.0,,Volkswagen,Golf,1996
97987H178RUS,Ford Focus,2,5000.0,,Ford,Focus,2014
X257HE161RUS,Ford Focus,2,10000.0,,Ford,Focus,1996
T479KX197RUS,Ford Focus,1,12000.0,,Ford,Focus,1984
T399KX197RUS,Ford Focus,2,10200.0,2.0,Ford,Focus,1999
H957HY161RUS,Ford Focus,1,2000.0,,Ford,Focus,2009
K379HY161RUS,Volkswagen Golf,1,200.0,,Volkswagen,Golf,2000
T654HT96RUS,Toyota Corolla,1,4000.0,,Toyota,Corolla,2018
E41977152RUS,Ford Focus,2,2400.0,,Ford,Focus,2015
8439XX154RUS,Ford Focus,2,4600.0,,Ford,Focus,2019
7194TT36RUS,Ford Focus,1,2300.0,,Ford,Focus,1993
Y965EE197RUS,Ford Focus,2,9600.0,,Ford,Focus,2010
X758HY197RUS,Ford Focus,2,24200.0,,Ford,Focus,2012
9464EX178RUS,Ford Focus,1,2100.0,,Ford,Focus,1998
M0279X197RUS,Ford Focus,2,180000.0,,Ford,Focus,2017
H224X836RUS,Ford Focus,1,3500.0,,Ford,Focus,1986
E6849O154RUS,Volkswagen Golf,1,200.0,4.0,Volkswagen,Golf,1982
Y273O8197RUS,Ford Focus,2,26300.0,,Ford,Focus,1999
96907X197RUS,BMW,2,3000.0,,BMW,,2011
O83797197RUS,Ford Focus,2,75900.0,,Ford,Focus,2014
9402KK197RUS,Toyota Camry,2,7860.9896432681,,Toyota,Camry,2008
7368C8197RUS,Ford Focus,1,4400.0,,Ford,Focus,2008
Y194O8161RUS,Ford Focus,1,900.0,,Ford,Focus,1992
H427YH197RUS,Volkswagen Passat,2,29700.0,,Volkswagen,Passat,1993
9583EY178RUS,Ford Focus,2,4300.0,,Ford,Focus,1996
K376HE161RUS,Ford Focus,1,100.0,,Ford,Focus,2015
Y038E877RUS,Ford Focus,2,6500.0,,Ford,Focus,1995
9822H8161RUS,Ford Focus,1,100.0,2.0,Ford,Focus,1995
7826C8197RUS,Ford Focus,2,3600.0,,Ford,Focus,1996
9467EX178RUS,Ford Focus,2,3700.0,,Ford,Focus,2007
K846YE77RUS,Volkswagen Passat,2,2000.0,,Volkswagen,Passat,1992
E160YX77RUS,Ford Focus,2,2200.0,,Ford,Focus,2013
82337X197RUS,Ford Focus,2,2100.0,,Ford,Focus,2019
X757HY197RUS,Ford Focus,2,6800.0,,Ford,Focus,1986
X765HY197RUS,Ford Focus,2,13900.0,,Ford,Focus,1993
934497178RUS,Skoda Octavia,2,1900.0,,Skoda,Octavia,1982
T195OK161RUS,Ford Mondeo,2,6700.0,,Ford,Mondeo,1988
E41977152RUS,Ford Focus,1,2400.0,,Ford,Focus,2003
K2807K154RUS,Ford Focus,1,1000.0,,Ford,Focus,2002
T8008Y125RUS,Ford Focus,2,1000.0,,Ford,Focus,2013
9463EX178RUS,Ford Focus,2,1400.0,1.0,Ford,Focus,1989
X765HY197RUS,Ford Focus,2,27800.0,,Ford,Focus,1999
Y960EE197RUS,Skoda Octavia,1,7860.9896432681,,Skoda,Octavia,2012
7840C8197RUS,Ford Focus,2,7000.0,,Ford,Focus,1980
K846YE77RUS,Volkswagen Passat,2,2000.0,,Volkswagen,Passat,1984
E40577152RUS,Ford Focus,1,500.0,,Ford,Focus,1992
7827C8197RUS,Ford Focus,1,7500.0,,Ford,Focus,1988
T394KX197RUS,Ford Focus,1,1500.0,,Ford,Focus,1994
Y655E8750RUS,Skoda Octavia,2,5200.0,,Skoda,Octavia,2000
H003MH197RUS,Ford Focus,2,2900.0,,Ford,Focus,1999
705787163RUS,Ford Focus,1,100.0,,Ford,Focus,2000
Y7699C197RUS,Ford Focus,2,15800.0,,Ford,Focus,2012
Y6829Y50RUS,Ford Focus,1,500.0,,Ford,Focus,1998
Y358O8197RUS,Ford Focus,2,21800.0,0.0,Ford,Focus,2000
Y8399C197RUS,Ford Focus,2,1800.0,,Ford,Focus,2018
9135X938RUS,Ford Focus,2,4400.0,,Ford,Focus,2007
T654HT96RUS,Toyota Corolla,2,2000.0,,Toyota,Corolla,2002
H385TM197RUS,Volkswagen Passat,1,9500.0,,Volkswagen,Passat,2012
M0299X197RUS,Ford Focus,2,9600.0,,Ford,Focus,1990
9428EX178RUS,Ford Focus,1,1000.0,,Ford,Focus,1982
H837YK197RUS,Audi,2,4200.0,,Audi,,2004
O83597197RUS,Ford Focus,2,4000.0,,Ford,Focus,2013
E42577152RUS,Ford Focus,2,7860.9896432681,,Ford,Focus,2005
E53277152RUS,Ford Focus,1,1000.0,,Ford,Focus,1999
98017H178RUS,Ford Focus,1,1500.0,,Ford,Focus,2003
K329T8197RUS,Skoda Octavia,2,13000.0,1.0,Skoda,Octavia,2017
C476M7161RUS,Ford Focus,2,1500.0,,Ford,Focus,2016
9943KK197RUS,Ford Focus,2,29700.0,,Ford,Focus,1992
9679EC178RUS,Ford Focus,2,500.0,,Ford,Focus,1981
8165XX154RUS,Ford Focus,1,4900.0,,Ford,Focus,2013
T476KX197RUS,Ford Focus,1,1500.0,,Ford,Focus,1994
X242EC197RUS,Volkswagen Golf,2,10600.0,,Volkswagen,Golf,1991
C422X938RUS,Ford Focus,2,10500.0,,Ford,Focus,2006
K328T8197RUS,Volkswagen Golf,1,300.0,,Volkswagen,Golf,1990
9466EX178RUS,Ford Focus,2,800.0,2.0,Ford,Focus,1988
X256HE161RUS,Ford Focus,1,2400.0,,Ford,Focus,2008
Y275O8197RUS,Ford Focus,1,7860.9896432681,,Ford,Focus,1985
H218X836RUS,Ford Focus,2,17500.0,,Ford,Focus,1992
X255HE161RUS,Ford Focus,1,400.0,,Ford,Focus,2000
7370C8197RUS,Ford Focus,2,5000.0,,Ford,Focus,1997
M373CH197RUS,Ford Focus,2,6600.0,,Ford,Focus,1988
O02397197RUS,Volkswagen Jetta,1,4000.0,,Volkswagen,Jetta,2008
8165XX154RUS,Ford Focus,2,4200.0,,Ford,Focus,1991
E432XX77RUS,Toyota Camry,2,13000.0,,Toyota,Camry,1987
7830C8197RUS,Ford Focus,2,10200.0,,Ford,Focus,1982
H217X836RUS,Ford Focus,1,2000.0,,Ford,Focus,1982
Y316E877RUS,Ford Focus,2,7000.0,,Ford,Focus,2004
934497178RUS,Skoda Octavia,1,3800.0,,Skoda,Octavia,1988
O77997197RUS,Ford Focus,2,7860.9896432681,,Ford,Focus,2019
8601XX154RUS,Skoda Octavia,1,1300.0,,Skoda,Octavia,1989
M375CH197RUS,Ford Focus,2,18100.0,4.0,Ford,Focus,1996
Y4298M777RUS,Skoda Octavia,1,2000.0,,Skoda,Octavia,2000
C420X938RUS,Ford Focus,1,3300.0,,Ford,Focus,2004
O22297197RUS,Ford Focus,1,500.0,,Ford,Focus,2001
M741T9152RUS,Ford Focus,2,1000.0,,Ford,Focus,2016
9883HX152RUS,Ford Focus,2,1000.0,,Ford,Focus,1990
Y6829Y50RUS,Ford Focus,1,500.0,,Ford,Focus,1996
H004MH197RUS,Ford Focus,1,39600.0,,Ford,Focus,1990
E53677152RUS,Ford Focus,2,5500.0,,Ford,Focus,1992
704987163RUS,Ford Focus,2,7860.9896432681,,Ford,Focus,1989
E160YX77RUS,Ford Focus,2,1100.0,,Ford,Focus,1995
E316EH197RUS,Volkswagen,1,1300.0,5.0,Volkswagen,,2016
X758HY197RUS,Ford Focus,2,72600.0,,Ford,Focus,1990
T6419O50RUS,Ford Focus,2,9000.0,,Ford,Focus,1989
O22297197RUS,Ford Focus,1,500.0,,Ford,Focus,2009
O02597197RUS,Ford Focus,1,800.0,,Ford,Focus,1989
H963HY161RUS,Ford Focus,1,1400.0,,Ford,Focus,2013
X015HY197RUS,Toyota Corolla,2,16000.0,,Toyota,Corolla,2003
M6977E152RUS,Ford Focus,2,500.0,,Ford,Focus,2017
96907X197RUS,BMW,1,3000.0,,BMW,,2013
X761HY197RUS,Ford Focus,2,18300.0,,Ford,Focus,1981
9938OH154RUS,Skoda Octavia,1,500.0,2.0,Skoda,Octavia,1992
T769OT197RUS,Volkswagen Golf,2,30900.0,,Volkswagen,Golf,2018
Y778EE197RUS,Volkswagen Golf,1,24000.0,,Volkswagen,Golf,2003
7829C8197RUS,Ford Focus,2,1800.0,,Ford,Focus,1984
T6488M116RUS,Ford Focus,2,21000.0,,Ford,Focus,1982
T272HH163RUS,Ford Focus,1,1000.0,,Ford,Focus,2016
T018OX197RUS,Toyota Corolla,2,3400.0,,Toyota,Corolla,2007
Y255E877RUS,Ford Focus,1,2500.0,,Ford,Focus,1999
9182CE154RUS,Ford Focus,2,13200.0,,Ford,Focus,1984
O753MX161RUS,Ford Focus,1,700.0,,Ford,Focus,1990
9697MO178RUS,Volkswagen Golf,1,1000.0,,Volkswagen,Golf,2013
C477M7161RUS,Ford Focus,2,5000.0,,Ford,Focus,2014
T686EO197RUS,Toyota Camry,1,500.0,,Toyota,Camry,2016
O017KO197RUS,Ford Focus,2,1600.0,,Ford,Focus,1994
C590EY154RUS,Ford Focus,2,7860.9896432681,1.0,Ford,Focus,1994
T941CC96RUS,Ford Focus,1,2000.0,,Ford,Focus,2008
O22397197RUS,Ford Focus,2,55500.0,,Ford,Focus,1998
X242EC197RUS,Volkswagen Golf,2,10600.0,,Volkswagen,Golf,1983
T020OX197RUS,Toyota Corolla,1,34300.0,,Toyota,Corolla,1995
E33577152RUS,Ford Focus,2,2000.0,,Ford,Focus,2012
7197TT36RUS,Ford Focus,2,6800.0,,Ford,Focus,1994
Y973O8197RUS,Ford Focus,1,34800.0,,Ford,Focus,2005
E773EH197RUS,Ford Focus,2,6800.0,,Ford,Focus,1993
T6428M116RUS,Ford Focus,2,6000.0,,Ford,Focus,1999
Y7129Y50RUS,Ford Focus,2,32000.0,,Ford,Focus,2004
Y418EX197RUS,Volkswagen Passat,2,900.0,,Volkswagen,Passat,2012
Y7689C197RUS,Ford Focus,1,27000.0,,Ford,Focus,1986
7066C8197RUS,Volkswagen Passat,1,3000.0,,Volkswagen,Passat,2007
X796TH96RUS,Ford Focus,1,500.0,,Ford,Focus,1997
E52877152RUS,Ford Focus,1,1500.0,2.0,Ford,Focus,1982
7369C8197RUS,Ford Focus,2,7860.9896432681,,Ford,Focus,2008
9409H7178RUS,Skoda Octavia,2,3000.0,,Skoda,Octavia,2015
Y166O8161RUS,Ford Focus,1,100.0,,Ford,Focus,2012
705287163RUS,Ford Focus,2,2000.0,,Ford,Focus,2005
K559KC161RUS,Ford Focus,1,100.0,,Ford,Focus,2007
M0299X197RUS,Ford Focus,2,67200.0,,Ford,Focus,2007
8164XX154RUS,Ford Focus,2,4400.0,,Ford,Focus,2013
92928M178RUS,Ford Focus,1,600.0,,Ford,Focus,2008
9822H8161RUS,Ford Focus,1,200.0,,Ford,Focus,2006
8603T8154RUS,Ford Focus,1,3000.0,,Ford,Focus,2007
84418C154RUS,Ford Focus,1,3000.0,,Ford,Focus,2004
Y965O8197RUS,Ford Focus,1,1600.0,,Ford,Focus,2019
E53488152RUS,Ford Focus,2,1800.0,1.0,Ford,Focus,2000
9697MO178RUS,Volkswagen Golf,1,500.0,,Volkswagen,Golf,1992
M256OH161RUS,Ford Focus,2,1600.0,,Ford,Focus,2017
Y7709C197RUS,Ford Focus,1,1500.0,,Ford,Focus,2003
E53277152RUS,Ford Focus,1,500.0,,Ford,Focus,1986
8201XX154RUS,Ford Focus,1,2600.0,,Ford,Focus,1993
90159H178RUS,Volkswagen Passat,2,600.0,,Volkswagen,Passat,2007
C798ET50RUS,Ford Focus,1,10000.0,,Ford,Focus,1993
Y193O8161RUS,Ford Focus,2,600.0,,Ford,Focus,1986
7248C8197RUS,Ford Mondeo,2,8600.0,,Ford,Mondeo,1983
Y275O8197RUS,Ford Focus,1,6000.0,,Ford,Focus,1989
K357YE77RUS,Volkswagen Golf,1,5000.0,,Volkswagen,Golf,1987
9697MO178RUS,Volkswagen Golf,1,7860.9896432681,,Volkswagen,Golf,1988
Y187O8161RUS,Ford Focus,1,400.0,1.0,Ford,Focus,1992
E0697X152RUS,Skoda Octavia,1,2000.0,,Skoda,Octavia,2000
M373CH197RUS,Ford Focus,2,6600.0,,Ford,Focus,1984
H982HY161RUS,Ford Focus,1,300.0,,Ford,Focus,1982
8610T8154RUS,Ford Focus,1,2000.0,,Ford,Focus,1996
E40877152RUS,Ford Focus,1,1000.0,,Ford,Focus,2011
K899T8197RUS,Ford Focus,1,15400.0,,Ford,Focus,1987
O83697197RUS,Ford Focus,1,6100.0,,Ford,Focus,1999
Y351O8197RUS,Ford Focus,1,1500.0,,Ford,Focus,1989
9941KK197RUS,Ford Focus,1,800.0,,Ford,Focus,1990
Y356O8197RUS,Ford Focus,2,45900.0,,Ford,Focus,2002
T914CT197RUS,Toyota Camry,2,7200.0,,Toyota,Camry,2010
O6939X163RUS,Ford Focus,1,7200.0,,Ford,Focus,2013
Y7649C197RUS,Ford Focus,2,5300.0,2.0,Ford,Focus,1993
M374CH197RUS,Ford Focus,2,5500.0,,Ford,Focus,1999
9935TE152RUS,Ford Focus,2,2500.0,,Ford,Focus,2001
704687163RUS,Ford Focus,2,1400.0,,Ford,Focus,1996
X523OM161RUS,Ford Focus,1,400.0,,Ford,Focus,1993
T6559O50RUS,Ford Focus,2,4000.0,,Ford,Focus,1986
7197TT36RUS,Ford Focus,2,6800.0,,Ford,Focus,2013
X765HY197RUS,Ford Focus,2,41700.0,,Ford,Focus,2010
96857X197RUS,Skoda Octavia,2,18900.0,,Skoda,Octavia,2006
M581CH197RUS,Ford Focus,1,100.0,,Ford,Focus,1991
H963HY161RUS,Ford Focus,1,1400.0,,Ford,Focus,2008
M302CH161RUS,Ford Focus,1,500.0,,Ford,Focus,1994
H115YO163RUS,Ford Focus,1,7860.9896432681,,Ford,Focus,2009
9679EC178RUS,Ford Focus,1,500.0,3.0,Ford,Focus,2000
O143HO197RUS,Toyota Corolla,2,30300.0,,Toyota,Corolla,2005
K436MO152RUS,Ford Focus,1,1500.0,,Ford,Focus,2002
9938OH154RUS,Skoda Octavia,1,500.0,,Skoda,Octavia,2011
E34877152RUS,Ford Focus,2,6100.0,,Ford,Focus,1999
E5878M777RUS,Skoda Octavia,1,8500.0,,Skoda,Octavia,1995
E33577152RUS,Ford Focus,1,1000.0,,Ford,Focus,1993
7147OE161RUS,Ford Focus,1,500.0,,Ford,Focus,1987
7844C8197RUS,Ford Focus,2,34000.0,,Ford,Focus,2017
X256HE161RUS,Ford Focus,2,800.0,,Ford,Focus,1980
X257HE161RUS,Ford Focus,2,5000.0,,Ford,Focus,1998
C584EY154RUS,Ford Focus,1,500.0,,Ford,Focus,1985
C584EY154RUS,Ford Focus,1,500.0,4.0,Ford,Focus,1995
H214X836RUS,Ford Focus,2,8000.0,,Ford,Focus,2011
Y4298M777RUS,Skoda Octavia,1,2000.0,,Skoda,Octavia,1985
E28977161RUS,Ford Focus,2,1500.0,,Ford,Focus,1986
H908YK197RUS,Ford Focus,1,4800.0,,Ford,Focus,2010
T016OX197RUS,Toyota Corolla,2,3200.0,,Toyota,Corolla,2006
8166XX154RUS,Ford Focus,1,600.0,,Ford,Focus,2000
H889YK197RUS,Ford Focus,1,10600.0,,Ford,Focus,1988
7363C8197RUS,Ford Focus,2,1600.0,,Ford,Focus,2019
Y357O8197RUS,Ford Focus,2,2200.0,,Ford,Focus,1994
T6039O50RUS,Ford Focus,2,1500.0,,Ford,Focus,1999
7365C8197RUS,Ford Focus,1,2300.0,,Ford,Focus,1989
Y967O8197RUS,Ford Focus,1,4000.0,,Ford,Focus,2015
E816HE77RUS,Ford Focus,1,3000.0,2.0,Ford,Focus,2012
T6329O50RUS,Ford Focus,1,500.0,,Ford,Focus,2007
X504X8197RUS,Skoda Octavia,1,7860.9896432681,,Skoda,Octavia,1983
M581CH197RUS,Ford Focus,1,200.0,,Ford,Focus,1999
M374CH197RUS,Ford Focus,2,5500.0,,Ford,Focus,2018
X523OM161RUS,Ford Focus,2,800.0,,Ford,Focus,2005
9470EX178RUS,Ford Focus,1,500.0,,Ford,Focus,1987
C412X938RUS,Ford Focus,1,1000.0,,Ford,Focus,2009
7831C8197RUS,Ford Focus,2,3400.0,,Ford,Focus,1989
8164XX154RUS,Ford Focus,2,4400.0,,Ford,Focus,1989
H004MH197RUS,Ford Focus,2,9900.0,,Ford,Focus,1981
X015HY197RUS,Toyota Corolla,2,24000.0,,Toyota,Corolla,2005
Y652O8197RUS,Volkswagen Touareg,2,5800.0,,Volkswagen,Touareg,2013
E53477152RUS,Ford Focus,2,7200.0,,Ford,Focus,1980
T6419O50RUS,Ford Focus,2,9000.0,,Ford,Focus,1992
E822TH36RUS,Ford Focus,2,12900.0,,Ford,Focus,1995
8437XX154RUS,Ford Focus,1,7860.9896432681,,Ford,Focus,2007
E445TC197RUS,Ford Focus,1,3400.0,,Ford,Focus,1991
C515X938RUS,Ford Focus,1,1900.0,,Ford,Focus,2016
7172TT36RUS,Ford Focus,2,5700.0,3.0,Ford,Focus,2016
8436XX154RUS,Ford Focus,1,800.0,,Ford,Focus,1990
E79988152RUS,Ford Focus,1,500.0,,Ford,Focus,2015
8180XX154RUS,Ford Focus,1,2800.0,,Ford,Focus,2011
9499KX178RUS,Ford Focus,2,2300.0,,Ford,Focus,1983
84438C154RUS,Ford Focus,2,3800.0,,Ford,Focus,2008
T6309O50RUS,Ford Focus,2,24000.0,,Ford,Focus,1992
9594HY161RUS,Ford Focus,1,300.0,,Ford,Focus,1992
T6129O50RUS,Ford Focus,2,6000.0,,Ford,Focus,2004
K339T8197RUS,Ford Focus,2,19200.0,,Ford,Focus,2010
8685HE154RUS,Ford Focus,1,2000.0,,Ford,Focus,1988
72457Y96RUS,Ford Focus,2,900.0,,Ford,Focus,1982
Y7449Y50RUS,Ford Focus,2,8000.0,1.0,Ford,Focus,2000
K899T8197RUS,Ford Focus,2,15400.0,,Ford,Focus,2013
O017KO197RUS,Ford Focus,2,800.0,,Ford,Focus,1994
X782CO96RUS,Ford Focus,1,7860.9896432681,,Ford,Focus,2003
E591HE77RUS,Ford Focus,2,6000.0,,Ford,Focus,1996
89587X197RUS,Toyota Camry,1,4400.0,,Toyota,Camry,2016
Y7659C197RUS,Ford Focus,1,1500.0,,Ford,Focus,1999
9499KX178RUS,Ford Focus,1,2300.0,,Ford,Focus,2007
M581CH197RUS,Ford Focus,1,100.0,,Ford,Focus,2013
8818C877RUS,Volkswagen Passat,1,5000.0,,Volkswagen,Passat,1991
8437XX154RUS,Ford Focus,1,800.0,,Ford,Focus,2017
Y357O8197RUS,Ford Focus,1,2200.0,,Ford,Focus,2004
Y652O8197RUS,Volkswagen Touareg,1,5800.0,,Volkswagen,Touareg,2018
X760HY197RUS,Ford Focus,2,10100.0,,Ford,Focus,1990
O058M7161RUS,Ford Focus,2,1900.0,,Ford,Focus,2008
X767HY197RUS,Ford Focus,2,18000.0,4.0,Ford,Focus,2019
H220X836RUS,Ford Focus,1,7000.0,,Ford,Focus,1995
92788M178RUS,Ford Focus,1,1200.0,,Ford,Focus,1980
H218X836RUS,Ford Focus,2,17500.0,,Ford,Focus,2003
T913CT197RUS,Toyota Camry,1,7900.0,,Toyota,Camry,2015
T6439O50RUS,Ford Focus,2,16500.0,,Ford,Focus,1987
7784KT197RUS,Ford Focus,2,13200.0,,Ford,Focus,1992
X286TC36RUS,Ford Focus,2,7860.9896432681,,Ford,Focus,2016
O752MX161RUS,Ford Focus,1,1300.0,,Ford,Focus,2007
9137X938RUS,Ford Focus,2,1600.0,,Ford,Focus,1997
Y7719C197RUS,Ford Focus,2,4600.0,2.0,Ford,Focus,2009
Y7449Y50RUS,Ford Focus,1,8000.0,,Ford,Focus,2000
H115YO163RUS,Ford Focus,2,1100.0,,Ford,Focus,2017
8818C877RUS,Volkswagen Passat,2,10000.0,,Volkswagen,Passat,2004
7064C8197RUS,Volkswagen Passat,2,12800.0,,Volkswagen,Passat,2002
92828M178RUS,Ford Focus,1,300.0,,Ford,Focus,1987
Y650E8750RUS,Skoda Octavia,1,500.0,,Skoda,Octavia,1999
X782CO96RUS,Ford Focus,1,1000.0,,Ford,Focus,2012
X767HY197RUS,Ford Focus,2,36000.0,,Ford,Focus,1982
9498KX178RUS,Ford Focus,2,800.0,,Ford,Focus,2007
83298C154RUS,Ford Focus,1,100.0,,Ford,Focus,1981
8321XX154RUS,Ford Focus,1,100.0,,Ford,Focus,2002
8316XX154RUS,Ford Focus,1,2200.0,,Ford,Focus,1998
T017OX197RUS,Toyota Corolla,2,12700.0,,Toyota,Corolla,1987
H977HY161RUS,Ford Focus,1,7860.9896432681,1.0,Ford,Focus,1988
7788KT197RUS,Ford Focus,2,7860.9896432681,,Ford,Focus,2017
X522OM161RUS,Ford Focus,1,1500.0,,Ford,Focus,2018
Y8399C197RUS,Ford Focus,1,600.0,,Ford,Focus,2013
O085E8197RUS,Volkswagen Golf,1,300.0,,Volkswagen,Golf,1987
8166XX154RUS,Ford Focus,1,600.0,,Ford,Focus,1994
705387163RUS,Ford Focus,2,700.0,,Ford,Focus,1993
O017KO197RUS,Ford Focus,1,800.0,,Ford,Focus,1980
X4138H125RUS,Ford Focus,1,300.0,,Ford,Focus,1993
8441XX154RUS,Ford Focus,1,500.0,,Ford,Focus,2019
M0269X197RUS,Ford Focus,2,7860.9896432681,,Ford,Focus,1989
7781KT197RUS,Ford Focus,1,1200.0,10.0,Ford,Focus,1996
9683EC178RUS,Ford Focus,1,6500.0,,Ford,Focus,1993
T483CT96RUS,Ford Focus,1,500.0,,Ford,Focus,2001
T940CC96RUS,Ford Focus,2,1500.0,,Ford,Focus,2015
C58078163RUS,Ford Focus,1,100.0,,Ford,Focus,2010
O02397197RUS,Volkswagen Jetta,1,4000.0,,Volkswagen,Jetta,1991
T018OX197RUS,Toyota Corolla,2,6800.0,,Toyota,Corolla,1997
H963HY161RUS,Ford Focus,1,1400.0,,Ford,Focus,1980
8611T8154RUS,Ford Focus,2,2000.0,1.0,Ford,Focus,2014
C583EY154RUS,Ford Focus,1,1000.0,,Ford,Focus,2009
9942KK197RUS,Ford Focus,1,3100.0,,Ford,Focus,1986
83218C154RUS,Ford Focus,1,100.0,,Ford,Focus,2002
704787163RUS,Ford Focus,2,2800.0,,Ford,Focus,1993
E53488152RUS,Ford Focus,2,3600.0,,Ford,Focus,1980
Y7129Y50RUS,Ford Focus,1,16000.0,,Ford,Focus,1980
C313MM99RUS,Toyota Camry,1,7500.0,,Toyota,Camry,1994
8611T8154RUS,Ford Focus,1,1000.0,,Ford,Focus,2017
X763HY197RUS,Ford Focus,2,9500.0,1.0,Ford,Focus,2018
M386M9197RUS,Volkswagen Golf,2,5800.0,,Volkswagen,Golf,2002
8605T8154RUS,Ford Focus,1,1000.0,,Ford,Focus,1987
O22297197RUS,Ford Focus,1,7860.9896432681,,Ford,Focus,1989
7147OE161RUS,Ford Focus,1,500.0,,Ford,Focus,2011
O134HE197RUS,Ford Focus,2,7600.0,,Ford,Focus,1984
96429X178RUS,Ford Focus,1,1300.0,,Ford,Focus,2014
Y7379Y50RUS,Ford Focus,2,2000.0,,Ford,Focus,2010
K326T8197RUS,Volkswagen Passat,1,100.0,,Volkswagen,Passat,2006
H982HY161RUS,Ford Focus,1,300.0,,Ford,Focus,1998
Y344E877RUS,Ford Focus,1,1000.0,1.0,Ford,Focus,2009
7361C8197RUS,Ford Focus,1,1600.0,,Ford,Focus,1990
Y359EY197RUS,Skoda Octavia,2,3000.0,,Skoda,Octavia,2000
T6559O50RUS,Ford Focus,1,4000.0,,Ford,Focus,1999
X759HY197RUS,Ford Focus,2,12500.0,,Ford,Focus,1995
E53277152RUS,Ford Focus,1,500.0,,Ford,Focus,1981
X015HY197RUS,Toyota Corolla,1,8000.0,,Toyota,Corolla,2013
E552MO152RUS,Ford Focus,1,7860.9896432681,,Ford,Focus,2003
9469EX178RUS,Ford Focus,2,2100.0,,Ford,Focus,1994
Y6839Y50RUS,Ford Focus,2,3000.0,,Ford,Focus,1992
H237YH197RUS,Ford Focus,1,600.0,1.0,Ford,Focus,1998
T948OM96RUS,Ford Focus,1,2000.0,,Ford,Focus,2001
T395KX197RUS,Ford Focus,2,15200.0,,Ford,Focus,2014
M301CH161RUS,Ford Focus,1,8000.0,,Ford,Focus,1994
M581CH197RUS,Ford Focus,1,100.0,,Ford,Focus,2017
E79988152RUS,Ford Focus,1,1500.0,,Ford,Focus,2016
9496KX178RUS,Ford Focus,1,500.0,,Ford,Focus,1982
9488EY178RUS,Ford Focus,1,1300.0,,Ford,Focus,1992
T6319O50RUS,Ford Focus,2,7860.9896432681,,Ford,Focus,2019
H305T8197RUS,Ford Focus,1,28100.0,,Ford,Focus,2011
8201XX154RUS,Ford Focus,2,2600.0,,Ford,Focus,2008
O64297197RUS,Ford Focus,1,300.0,,Ford,Focus,1995
9523M8178RUS,Skoda Octavia,1,600.0,1.0,Skoda,Octavia,1982
Y273O8197RUS,Ford Focus,2,52600.0,,Ford,Focus,2013
T6229O50RUS,Ford Focus,2,2500.0,,Ford,Focus,2004
9943KK197RUS,Ford Focus,2,19800.0,,Ford,Focus,2014
X023HY197RUS,Volvo,2,10200.0,,Volvo,,1994
8226XX154RUS,Ford Focus,2,1000.0,,Ford,Focus,2008
Y038TO197RUS,Toyota Corolla,1,7600.0,,Toyota,Corolla,2014
M0289X197RUS,Ford Focus,2,40600.0,,Ford,Focus,1984
E811HE77RUS,Ford Focus,2,7000.0,,Ford,Focus,2014
O785T9163RUS,Ford Focus,1,500.0,,Ford,Focus,2005
X795O796RUS,Ford Focus,1,2000.0,,Ford,Focus,1985
O39997197RUS,Ford Focus,1,9000.0,1.0,Ford,Focus,1993
97968K152RUS,Ford Focus,2,500.0,,Ford,Focus,1998
K339T8197RUS,Ford Focus,2,7860.9896432681,,Ford,Focus,2010
9943OH154RUS,Skoda Octavia,1,400.0,,Skoda,Octavia,1995
H219X836RUS,Ford Focus,1,1600.0,,Ford,Focus,2005
X782CO96RUS,Ford Focus,1,1000.0,,Ford,Focus,1999
T6169O50RUS,Ford Focus,1,500.0,,Ford,Focus,1993
Y352O8197RUS,Ford Focus,2,25900.0,2.0,Ford,Focus,1988
Y8399C197RUS,Ford Focus,1,600.0,,Ford,Focus,1993
T940CC96RUS,Ford Focus,1,500.0,,Ford,Focus,1987
94178K154RUS,Ford Focus,1,500.0,,Ford,Focus,2018
7365C8197RUS,Ford Focus,2,6900.0,,Ford,Focus,1997
9467EX178RUS,Ford Focus,2,3700.0,,Ford,Focus,2002
O78097197RUS,Ford Focus,2,1400.0,,Ford,Focus,1990
X5707X161RUS,Volkswagen Passat,2,500.0,,Volkswagen,Passat,1982
Y232E877RUS,Ford Focus,2,5000.0,,Ford,Focus,1985
Y388E877RUS,Ford Focus,2,19000.0,,Ford,Focus,1985
X255HE161RUS,Ford Focus,1,400.0,,Ford,Focus,1983
E552MO152RUS,Ford Focus,1,7860.9896432681,,Ford,Focus,1988
97998K152RUS,Ford Focus,2,6300.0,,Ford,Focus,1996
Y963O8197RUS,Ford Focus,2,21600.0,1.0,Ford,Focus,1981
Y778EE197RUS,Volkswagen Golf,2,168000.0,,Volkswagen,Golf,1983
T654HT96RUS,Toyota Corolla,2,2000.0,,Toyota,Corolla,2004
T477KX197RUS,Ford Focus,2,94000.0,,Ford,Focus,1984
T2639T116RUS,Ford Focus,1,3000.0,,Ford,Focus,1982
O49797197RUS,Ford Focus,2,5300.0,,Ford,Focus,1991
708187163RUS,Ford Focus,2,1000.0,,Ford,Focus,1999
O83597197RUS,Ford Focus,2,8000.0,,Ford,Focus,2018
8601XX154RUS,Skoda Octavia,2,3900.0,,Skoda,Octavia,1991
H387TM197RUS,Volkswagen Passat,2,3200.0,3.0,Volkswagen,Passat,2017
O68897197RUS,Ford Focus,1,8200.0,,Ford,Focus,2002
72457Y96RUS,Ford Focus,1,900.0,,Ford,Focus,2015
7064C8197RUS,Volkswagen Passat,1,12800.0,,Volkswagen,Passat,2018
E948C8152RUS,Ford Focus,2,6000.0,,Ford,Focus,2015
7248C8197RUS,Ford Mondeo,2,34400.0,,Ford,Mondeo,2011
C514X938RUS,Ford Focus,2,7860.9896432681,,Ford,Focus,1990
C589EY154RUS,Ford Focus,1,4500.0,,Ford,Focus,2017
C420X938RUS,Ford Focus,1,3300.0,,Ford,Focus,2001
K899T8197RUS,Ford Focus,2,15400.0,,Ford,Focus,2008
T6418M116RUS,Ford Focus,2,24600.0,,Ford,Focus,2013
8607XX154RUS,Skoda Octavia,2,2400.0,,Skoda,Octavia,1994
92778M178RUS,Ford Focus,2,3000.0,,Ford,Focus,1997
C476M7161RUS,Ford Focus,2,500.0,,Ford,Focus,2012
T288CT96RUS,Ford Focus,1,4500.0,,Ford,Focus,1981
9679EC178RUS,Ford Focus,1,500.0,2.0,Ford,Focus,1992
9886HX152RUS,Ford Focus,2,2900.0,,Ford,Focus,2007
C583EY154RUS,Ford Focus,1,1000.0,,Ford,Focus,2005
7788KT197RUS,Ford Focus,1,20000.0,,Ford,Focus,1997
T016OX197RUS,Toyota Corolla,2,9600.0,,Toyota,Corolla,1985
T6419O50RUS,Ford Focus,2,27000.0,,Ford,Focus,1998
C592EY154RUS,Ford Focus,1,1000.0,,Ford,Focus,1987
T6459O50RUS,Ford Focus,1,2000.0,,Ford,Focus,1996
Y356O8197RUS,Ford Focus,2,7860.9896432681,,Ford,Focus,2013
X759HY197RUS,Ford Focus,2,12500.0,,Ford,Focus,1994
705787163RUS,Ford Focus,1,100.0,,Ford,Focus,1981
96429X178RUS,Ford Focus,2,1300.0,,Ford,Focus,1984
Y973O8197RUS,Ford Focus,1,69600.0,,Ford,Focus,1992
92898M178RUS,Ford Focus,1,1600.0,,Ford,Focus,1982
X023HY197RUS,Volvo,1,6800.0,,Volvo,,2013
9671EC178RUS,Ford Focus,1,600.0,,Ford,Focus,2001
M302CH161RUS,Ford Focus,1,500.0,3.0,Ford,Focus,1981
X023HY197RUS,Volvo,2,6800.0,,Volvo,,1987
M578CH197RUS,Ford Focus,2,9000.0,,Ford,Focus,2011
O77997197RUS,Ford Focus,2,5600.0,,Ford,Focus,1984
7368C8197RUS,Ford Focus,2,8800.0,,Ford,Focus,2000
9683EC178RUS,Ford Focus,2,6500.0,,Ford,Focus,1996
Y207O8161RUS,Ford Focus,1,500.0,,Ford,Focus,2002
96659X178RUS,Ford Focus,1,2700.0,,Ford,Focus,1996
T912CT197RUS,Toyota Camry,2,19800.0,,Toyota,Camry,2012
M256OH161RUS,Ford Focus,1,1600.0,,Ford,Focus,1984
7183TT36RUS,Ford Focus,2,16200.0,,Ford,Focus,2006
89557X197RUS,Toyota Camry,2,22400.0,,Toyota,Camry,2011
E773EH197RUS,Ford Focus,2,7860.9896432681,,Ford,Focus,1987
Y359O8197RUS,Ford Focus,1,2000.0,,Ford,Focus,1997
K2817K154RUS,Ford Focus,1,4500.0,,Ford,Focus,2002
O017KO197RUS,Ford Focus,1,1600.0,,Ford,Focus,1994
E396MO152RUS,Ford Focus,2,3000.0,,Ford,Focus,1990
X758HY197RUS,Ford Focus,2,145200.0,1.0,Ford,Focus,2005
X795O796RUS,Ford Focus,1,1000.0,,Ford,Focus,2005
Y964O8197RUS,Ford Focus,1,1000.0,,Ford,Focus,1997
H967HY161RUS,Ford Focus,2,4500.0,,Ford,Focus,2019
E394MO152RUS,Ford Focus,2,10500.0,,Ford,Focus,2000
O50699163RUS,Ford Focus,1,1100.0,,Ford,Focus,1983
9463EX178RUS,Ford Focus,1,1400.0,,Ford,Focus,2010
E53677152RUS,Ford Focus,2,5500.0,,Ford,Focus,1994
E33177152RUS,Ford Focus,2,7100.0,,Ford,Focus,2000
K338T8197RUS,Ford Focus,2,17400.0,,Ford,Focus,2008
O22097197RUS,Ford Focus,2,24300.0,,Ford,Focus,1994
Y4298M777RUS,Skoda Octavia,2,2000.0,,Skoda,Octavia,2009
Y687HM197RUS,BMW,1,7860.9896432681,,BMW,,1994
8311XX154RUS,Ford Focus,2,4300.0,2.0,Ford,Focus,2005
98037H178RUS,Ford Focus,2,2500.0,,Ford,Focus,2010
7828C8197RUS,Ford Focus,2,6700.0,,Ford,Focus,2003
H980HY161RUS,Ford Focus,2,1800.0,,Ford,Focus,2001
Y305E877RUS,Ford Focus,1,2500.0,,Ford,Focus,2003
8521XX154RUS,Ford Focus,2,1000.0,,Ford,Focus,2016
H906YK197RUS,Ford Focus,1,12000.0,,Ford,Focus,1990
7199MT197RUS,Volkswagen Golf,1,9300.0,,Volkswagen,Golf,2017
X908XC197RUS,Volkswagen Jetta,2,46000.0,,Volkswagen,Jetta,1987
T171CC96RUS,Ford Focus,2,2000.0,,Ford,Focus,1990
X4108H125RUS,Ford Focus,2,1300.0,2.0,Ford,Focus,1994
Y966O8197RUS,Ford Focus,2,10400.0,,Ford,Focus,1981
K2797K154RUS,Ford Focus,2,2400.0,,Ford,Focus,2013
X286TC36RUS,Ford Focus,1,500.0,,Ford,Focus,2008
7089H8163RUS,Toyota Corolla,2,4400.0,,Toyota,Corolla,1993
9883HX152RUS,Ford Focus,1,500.0,,Ford,Focus,1983
7841C8197RUS,Ford Focus,1,12000.0,,Ford,Focus,2003
9940KK197RUS,Ford Focus,1,7860.9896432681,,Ford,Focus,2019
H224X836RUS,Ford Focus,2,7000.0,,Ford,Focus,2000
9028CO161RUS,Ford Focus,2,1500.0,,Ford,Focus,2002
H971HY161RUS,Ford Focus,2,7400.0,,Ford,Focus,2015
8610T8154RUS,Ford Focus,1,2000.0,,Ford,Focus,2009
M0269X197RUS,Ford Focus,2,20600.0,3.0,Ford,Focus,2008
E316EH197RUS,Volkswagen Touareg,1,1300.0,,Volkswagen,Touareg,1986
T6359O50RUS,Ford Focus,2,13500.0,,Ford,Focus,1992
X257HE161RUS,Ford Focus,1,5000.0,,Ford,Focus,2012
H844YH197RUS,Ford Focus,2,3000.0,,Ford,Focus,2013
9523M8178RUS,Skoda Octavia,2,300.0,,Skoda,Octavia,1986
Y195O8161RUS,Ford Focus,2,100.0,,Ford,Focus,2007
9137X938RUS,Ford Focus,1,1600.0,,Ford,Focus,1990
E33477152RUS,Ford Focus,1,500.0,,Ford,Focus,2018
Y156E877RUS,Ford Focus,2,7500.0,,Ford,Focus,1989
E396MO152RUS,Ford Focus,2,3000.0,3.0,Ford,Focus,1994
9939KK197RUS,Ford Focus,1,1600.0,,Ford,Focus,1989
E0697X152RUS,Skoda Octavia,2,7860.9896432681,,Skoda,Octavia,1980
H908YK197RUS,Ford Focus,2,4800.0,,Ford,Focus,2011
Y969O8197RUS,Ford Focus,1,15600.0,,Ford,Focus,2010
9028CO161RUS,Ford Focus,1,1500.0,,Ford,Focus,2003
9502XX38RUS,Skoda Octavia,1,3000.0,,Skoda,Octavia,1983
7840C8197RUS,Ford Focus,2,3500.0,,Ford,Focus,1995
T6249O50RUS,Ford Focus,2,8500.0,,Ford,Focus,1980
E53677152RUS,Ford Focus,2,11000.0,,Ford,Focus,1996
E42377152RUS,Ford Focus,2,3000.0,1.0,Ford,Focus,2014
X256HE161RUS,Ford Focus,2,1600.0,,Ford,Focus,1999
9941KK197RUS,Ford Focus,1,800.0,,Ford,Focus,1987
E28877161RUS,Ford Focus,1,500.0,,Ford,Focus,1990
M0299X197RUS,Ford Focus,2,19200.0,,Ford,Focus,1987
M372CH197RUS,Ford Focus,1,21600.0,,Ford,Focus,1996
K040CC197RUS,Ford Focus,2,3600.0,,Ford,Focus,1991
E41577152RUS,Ford Focus,2,3000.0,,Ford,Focus,1987
9763HY161RUS,Ford Focus,1,900.0,4.0,Ford,Focus,1983
T535ET96RUS,Ford Focus,2,3000.0,,Ford,Focus,1983
92918M178RUS,Ford Focus,2,7600.0,,Ford,Focus,1985
Y655E8750RUS,Skoda Octavia,1,2600.0,,Skoda,Octavia,1998
K2797K154RUS,Ford Focus,1,7860.9896432681,,Ford,Focus,1986
K559KC161RUS,Ford Focus,1,200.0,,Ford,Focus,2016
7369C8197RUS,Ford Focus,2,10100.0,,Ford,Focus,2006
T6359O50RUS,Ford Focus,2,13500.0,,Ford,Focus,1985
8321XX154RUS,Ford Focus,1,200.0,,Ford,Focus,2000
O134HE197RUS,Ford Focus,2,11400.0,,Ford,Focus,2006
H961HY161RUS,Ford Focus,2,2500.0,,Ford,Focus,1995
M2169X197RUS,Ford Focus,2,3100.0,,Ford,Focus,1986
707987163RUS,Ford Focus,1,1100.0,,Ford,Focus,1991
8234XX154RUS,Ford Focus,1,1300.0,2.0,Ford,Focus,1997
9938KK197RUS,Ford Focus,1,28500.0,,Ford,Focus,2008
X759HY197RUS,Ford Focus,1,37500.0,,Ford,Focus,2007
M375CH197RUS,Ford Focus,1,18100.0,,Ford,Focus,2017
C803KE163RUS,Volkswagen Jetta,1,1000.0,,Volkswagen,Jetta,1998
O83697197RUS,Ford Focus,2,6100.0,,Ford,Focus,1991
92918M178RUS,Ford Focus,1,1900.0,,Ford,Focus,1989
92928M178RUS,Ford Focus,1,1200.0,,Ford,Focus,1981
E52677152RUS,Ford Focus,2,2500.0,,Ford,Focus,1998
8451M7154RUS,Ford Focus,1,500.0,,Ford,Focus,2012
9589EY178RUS,Ford Focus,1,7860.9896432681,3.0,Ford,Focus,2014
H907YK197RUS,Ford Focus,2,7100.0,,Ford,Focus,2000
O39897197RUS,Ford Focus,2,3800.0,,Ford,Focus,2007
M3879X197RUS,Volkswagen Touareg,2,6300.0,,Volkswagen,Touareg,2012
H618YC38RUS,Volkswagen Golf,1,300.0,,Volkswagen,Golf,1998
C299K9154RUS,Ford Focus,1,500.0,,Ford,Focus,2001
M0299X197RUS,Ford Focus,1,9600.0,,Ford,Focus,2006
8437XX154RUS,Ford Focus,2,800.0,,Ford,Focus,1996
9468EX178RUS,Ford Focus,1,4000.0,,Ford,Focus,1991
M375CH197RUS,Ford Focus,2,18100.0,,Ford,Focus,2004
H982HY161RUS,Ford Focus,1,300.0,,Ford,Focus,2016
8201XX154RUS,Ford Focus,1,7800.0,1.0,Ford,Focus,1984
8224XX154RUS,Ford Focus,1,2500.0,,Ford,Focus,2006
O22397197RUS,Ford Focus,1,18500.0,,Ford,Focus,1986
Y653E8750RUS,Skoda Octavia,1,500.0,,Skoda,Octavia,2009
708487163RUS,Ford Focus,1,1000.0,,Ford,Focus,2000
K558KC161RUS,Ford Focus,1,500.0,,Ford,Focus,1988
O058M7161RUS,Ford Focus,1,1900.0,,Ford,Focus,2002
9468EX178RUS,Ford Focus,1,2000.0,,Ford,Focus,1994
M256OH161RUS,Ford Focus,2,1600.0,3.0,Ford,Focus,2000
7183TT36RUS,Ford Focus,2,5400.0,,Ford,Focus,1982
T242H8197RUS,Skoda Octavia,2,7860.9896432681,,Skoda,Octavia,1989
K27188138RUS,Ford Focus,1,2000.0,,Ford,Focus,2017
X782CO96RUS,Ford Focus,1,1000.0,,Ford,Focus,1985
Y7659C197RUS,Ford Focus,1,1500.0,,Ford,Focus,1989
X523OM161RUS,Ford Focus,1,400.0,,Ford,Focus,2013
T686EO197RUS,Toyota Camry,2,1000.0,,Toyota,Camry,2009
96629X178RUS,Ford Focus,1,7000.0,,Ford,Focus,1996
9881HX152RUS,Ford Focus,2,10300.0,,Ford,Focus,2001
9020YC197RUS,Skoda Octavia,2,72500.0,2.0,Skoda,Octavia,2018
T479KX197RUS,Ford Focus,2,12000.0,,Ford,Focus,2019
M680T9152RUS,Volkswagen Jetta,2,9000.0,,Volkswagen,Jetta,2012
7831C8197RUS,Ford Focus,2,6800.0,,Ford,Focus,1993
7364C8197RUS,Ford Focus,2,4500.0,,Ford,Focus,2001
7844C8197RUS,Ford Focus,2,17000.0,,Ford,Focus,2013
9068EM178RUS,Ford Focus,1,600.0,,Ford,Focus,2013
T011MY163RUS,Ford Focus,2,4000.0,,Ford,Focus,1998
C410X938RUS,Ford Focus,1,1100.0,,Ford,Focus,2016
X762HY197RUS,Ford Focus,1,500.0,2.0,Ford,Focus,1993
9470EX178RUS,Ford Focus,1,500.0,,Ford,Focus,1987
X4128H125RUS,Ford Focus,2,7860.9896432681,,Ford,Focus,1983
M373CH197RUS,Ford Focus,2,6600.0,,Ford,Focus,2001
9762HY161RUS,Ford Focus,2,2600.0,,Ford,Focus,2017
8610T8154RUS,Ford Focus,1,2000.0,,Ford,Focus,1982
H419XE197RUS,Toyota Corolla,2,6900.0,,Toyota,Corolla,2000
98017H178RUS,Ford Focus,1,1500.0,2.0,Ford,Focus,2015
Y780EE197RUS,Volkswagen Golf,2,4600.0,2.0,Volkswagen,Golf,1988
M580CH197RUS,Ford Focus,2,9500.0,,Ford,Focus,2005
T686EO197RUS,Toyota Camry,1,1000.0,,Toyota,Camry,2017
9943OH154RUS,Skoda Octavia,1,400.0,,Skoda,Octavia,2014
Y354O8197RUS,Ford Focus,1,10800.0,,Ford,Focus,2011
7065C8197RUS,Volkswagen Passat,1,3800.0,,Volkswagen,Passat,1992
9938KK197RUS,Ford Focus,1,28500.0,3.0,Ford,Focus,2009
E28777161RUS,Ford Focus,1,800.0,,Ford,Focus,1995
M701T9152RUS,Ford Focus,2,3000.0,,Ford,Focus,2001
E577HE77RUS,Ford Focus,2,12000.0,,Ford,Focus,1980
Y194O8161RUS,Ford Focus,2,900.0,,Ford,Focus,1985
92788M178RUS,Ford Focus,1,1200.0,,Ford,Focus,2017
9072EM178RUS,Ford Focus,2,4400.0,,Ford,Focus,2017
9409H7178RUS,Skoda Octavia,1,3000.0,,Skoda,Octavia,1984
C3829X154RUS,Ford Focus,2,13500.0,,Ford,Focus,2011
T478KX197RUS,Ford Focus,2,7500.0,,Ford,Focus,2007
T119CT96RUS,Ford Focus,1,2000.0,,Ford,Focus,2015
X795O796RUS,Ford Focus,1,1000.0,,Ford,Focus,1986
708487163RUS,Ford Focus,1,1000.0,,Ford,Focus,1996
H983HY161RUS,Ford Focus,1,500.0,,Ford,Focus,1991
7842C8197RUS,Ford Focus,1,6000.0,,Ford,Focus,2010
O64097197RUS,Ford Focus,2,7860.9896432681,,Ford,Focus,1990
Y693HM197RUS,BMW,2,6500.0,,BMW,,1981
96857X197RUS,Skoda Octavia,1,37800.0,,Skoda,Octavia,2019
7177TT36RUS,Ford Focus,1,500.0,,Ford,Focus,2008
H908YK197RUS,Ford Focus,1,4800.0,,Ford,Focus,1995
9428EX178RUS,Ford Focus,1,500.0,1.0,Ford,Focus,1994
84438C154RUS,Ford Focus,2,7600.0,,Ford,Focus,2007
Y7689C197RUS,Ford Focus,2,9000.0,,Ford,Focus,2000
H427YH197RUS,Volkswagen Passat,1,9900.0,,Volkswagen,Passat,1987
T394KX197RUS,Ford Focus,2,1500.0,,Ford,Focus,1985
O49897197RUS,Ford Focus,2,11800.0,,Ford,Focus,2006
H963X936RUS,Skoda Octavia,1,1800.0,,Skoda,Octavia,1997
T341CC96RUS,Volkswagen Passat,2,1000.0,,Volkswagen,Passat,2004
9942KK197RUS,Ford Focus,2,6200.0,,Ford,Focus,1985
9141H8178RUS,Skoda Octavia,1,300.0,,Skoda,Octavia,2007
9942KK197RUS,Ford Focus,2,3100.0,,Ford,Focus,1998
7370C8197RUS,Ford Focus,2,5000.0,,Ford,Focus,2014
9890HX152RUS,Ford Focus,2,9200.0,,Ford,Focus,1993
9409H7178RUS,Skoda Octavia,1,6000.0,,Skoda,Octavia,2005
M268CH197RUS,Toyota Camry,1,800.0,,Toyota,Camry,2010
Y780EE197RUS,Volkswagen Golf,1,2300.0,,Volkswagen,Golf,1985
Y388E877RUS,Ford Focus,2,9500.0,,Ford,Focus,2008
C419X938RUS,Ford Focus,1,1100.0,,Ford,Focus,1986
M0319X197RUS,Ford Focus,2,4500.0,,Ford,Focus,2019
M577CH197RUS,Ford Focus,2,17000.0,,Ford,Focus,2008
7361C8197RUS,Ford Focus,1,7860.9896432681,,Ford,Focus,1981
H975HY161RUS,Ford Focus,1,2000.0,,Ford,Focus,2010
X018HY197RUS,Toyota Camry,2,10600.0,,Toyota,Camry,1989
E33177152RUS,Ford Focus,2,7100.0,,Ford,Focus,2016
X256HE161RUS,Ford Focus,2,1600.0,,Ford,Focus,1983
Y7689C197RUS,Ford Focus,2,45000.0,3.0,Ford,Focus,1982
Y969O8197RUS,Ford Focus,2,7800.0,,Ford,Focus,1980
7788KT197RUS,Ford Focus,2,4000.0,,Ford,Focus,2011
9491H7178RUS,Volkswagen Jetta,1,500.0,,Volkswagen,Jetta,2015
M374CH197RUS,Ford Focus,1,5500.0,,Ford,Focus,1988
96679X178RUS,Ford Focus,2,2400.0,,Ford,Focus,2013
9594HY161RUS,Ford Focus,1,300.0,,Ford,Focus,1987
83218C154RUS,Ford Focus,1,100.0,,Ford,Focus,2019
9764HY161RUS,Ford Focus,1,800.0,,Ford,Focus,2003
708187163RUS,Ford Focus,1,1000.0,,Ford,Focus,1993
H908YK197RUS,Ford Focus,1,4800.0,,Ford,Focus,1992
H004MH197RUS,Ford Focus,2,19800.0,2.0,Ford,Focus,2019
92788M178RUS,Ford Focus,1,300.0,,Ford,Focus,2018
Y656E8750RUS,Skoda Octavia,1,7860.9896432681,,Skoda,Octavia,1995
9679EC178RUS,Ford Focus,1,500.0,,Ford,Focus,1999
M0279X197RUS,Ford Focus,1,36000.0,2.0,Ford,Focus,1987
O017KO197RUS,Ford Focus,1,1600.0,,Ford,Focus,1999
H957HY161RUS,Ford Focus,1,1000.0,,Ford,Focus,2001
X320MK197RUS,Ford Focus,2,7500.0,,Ford,Focus,2017
X286TC36RUS,Ford Focus,1,500.0,,Ford,Focus,2001
C803KE163RUS,Volkswagen Jetta,1,1000.0,,Volkswagen,Jetta,1987
Y7379Y50RUS,Ford Focus,2,2000.0,,Ford,Focus,2011
X320MK197RUS,Ford Focus,1,7500.0,3.0,Ford,Focus,1991
C476M7161RUS,Ford Focus,2,500.0,,Ford,Focus,1986
H844YH197RUS,Ford Focus,1,1000.0,,Ford,Focus,2003
96907X197RUS,BMW,2,3000.0,,BMW,,1998
Y650E8750RUS,Skoda Octavia,1,1000.0,,Skoda,Octavia,1996
H235YH197RUS,Skoda Octavia,2,5100.0,,Skoda,Octavia,2007
9474EX178RUS,Ford Focus,1,500.0,,Ford,Focus,2011
Y8259C197RUS,Ford Focus,1,1500.0,,Ford,Focus,1982
E29577161RUS,Ford Focus,1,500.0,1.0,Ford,Focus,1987
X761HY197RUS,Ford Focus,2,18300.0,,Ford,Focus,2001
H387TM197RUS,Volkswagen Passat,1,7860.9896432681,,Volkswagen,Passat,2005
T396KX197RUS,Ford Focus,2,10300.0,,Ford,Focus,2011
C593EY154RUS,Ford Focus,1,1000.0,,Ford,Focus,1992
Y164O8161RUS,Ford Focus,1,800.0,,Ford,Focus,2017
M942OT152RUS,Ford Focus,1,2000.0,,Ford,Focus,1985
T195OK161RUS,Ford Mondeo,2,6700.0,,Ford,Mondeo,1982
T476KX197RUS,Ford Focus,2,4500.0,,Ford,Focus,2011
H889YK197RUS,Ford Focus,2,21200.0,,Ford,Focus,1980
Y7429Y50RUS,Ford Focus,2,2000.0,,Ford,Focus,1992
H976HY161RUS,Ford Focus,2,2200.0,,Ford,Focus,2018
C410X938RUS,Ford Focus,2,2200.0,,Ford,Focus,1984
Y195O8161RUS,Ford Focus,1,100.0,,Ford,Focus,1997
O669E8197RUS,Ford Focus,1,18000.0,1.0,Ford,Focus,2006
Y187O8161RUS,Ford Focus,2,400.0,,Ford,Focus,2007
K329T8197RUS,Skoda Octavia,2,13000.0,,Skoda,Octavia,2013
96659X178RUS,Ford Focus,1,900.0,,Ford,Focus,1984
7842C8197RUS,Ford Focus,2,12000.0,,Ford,Focus,2016
O275O7161RUS,Ford Focus,1,8300.0,,Ford,Focus,2007
7784KT197RUS,Ford Focus,2,6600.0,,Ford,Focus,1981
9677MO178RUS,Ford Mondeo,1,2200.0,,Ford,Mondeo,1996
H957HY161RUS,Ford Focus,1,7860.9896432681,1.0,Ford,Focus,1985
M0279X197RUS,Ford Focus,2,36000.0,,Ford,Focus,2000
7784KT197RUS,Ford Focus,2,6600.0,,Ford,Focus,1980
9939KK197RUS,Ford Focus,1,1600.0,,Ford,Focus,2015
Y8399C197RUS,Ford Focus,1,600.0,,Ford,Focus,2000
M373CH197RUS,Ford Focus,2,6600.0,,Ford,Focus,2014
7164YM36RUS,Ford Focus,2,18800.0,,Ford,Focus,2007
7843C8197RUS,Ford Focus,2,4100.0,,Ford,Focus,1989
O753MX161RUS,Ford Focus,2,700.0,3.0,Ford,Focus,1983
9468EX178RUS,Ford Focus,2,2000.0,,Ford,Focus,1990
T395KX197RUS,Ford Focus,2,7600.0,,Ford,Focus,1986
T6488M116RUS,Ford Focus,2,21000.0,,Ford,Focus,2011
7361C8197RUS,Ford Focus,1,800.0,,Ford,Focus,2015
98047H178RUS,Ford Focus,1,500.0,,Ford,Focus,1998
8316XX154RUS,Ford Focus,1,1100.0,,Ford,Focus,2016
O752MX161RUS,Ford Focus,2,2600.0,,Ford,Focus,1986
8234XX154RUS,Ford Focus,2,2600.0,1.0,Ford,Focus,2018
9488EY178RUS,Ford Focus,2,1300.0,,Ford,Focus,1986
96857X197RUS,Skoda Octavia,2,18900.0,,Skoda,Octavia,2002
O481OH77RUS,Toyota Camry,2,1000.0,,Toyota,Camry,2003
K326T8197RUS,Volkswagen Passat,1,100.0,,Volkswagen,Passat,1993
90159H178RUS,Volkswagen Passat,1,7860.9896432681,,Volkswagen,Passat,1986
9469EX178RUS,Ford Focus,1,4200.0,2.0,Ford,Focus,2006
X796TH96RUS,Ford Focus,1,500.0,,Ford,Focus,2014
9499KX178RUS,Ford Focus,1,4600.0,,Ford,Focus,1982
Y358O8197RUS,Ford Focus,2,21800.0,,Ford,Focus,2003
C420X938RUS,Ford Focus,2,3300.0,,Ford,Focus,2007
Y965O8197RUS,Ford Focus,2,1600.0,,Ford,Focus,1988
96429X178RUS,Ford Focus,2,1300.0,,Ford,Focus,2014
Y274O8197RUS,Ford Focus,2,10700.0,,Ford,Focus,1997
Y358O8197RUS,Ford Focus,1,43600.0,,Ford,Focus,1991
E223YM197RUS,Ford Focus,2,19500.0,,Ford,Focus,1988
E42277152RUS,Ford Focus,2,5300.0,,Ford,Focus,1996
E34877152RUS,Ford Focus,2,36600.0,3.0,Ford,Focus,2012
Y964EE197RUS,Ford Focus,2,7860.9896432681,,Ford,Focus,1985
T6049O50RUS,Ford Focus,2,15000.0,,Ford,Focus,2016
8601XX154RUS,Skoda Octavia,1,3900.0,,Skoda,Octavia,2006
H259HY161RUS,Toyota Corolla,1,900.0,,Toyota,Corolla,1990
T940CC96RUS,Ford Focus,1,500.0,,Ford,Focus,2007
T288CT96RUS,Ford Focus,1,1500.0,,Ford,Focus,1980
Y6839Y50RUS,Ford Focus,1,1500.0,,Ford,Focus,1980
Y344E877RUS,Ford Focus,1,1000.0,,Ford,Focus,2005
K889HY161RUS,Ford Mondeo,2,46200.0,2.0,Ford,Mondeo,2013
H214X836RUS,Ford Focus,1,8000.0,,Ford,Focus,1994
T399KX197RUS,Ford Focus,2,15300.0,,Ford,Focus,1995
O421OT161RUS,Skoda Octavia,1,1200.0,,Skoda,Octavia,2006
H232YH197RUS,Ford Focus,1,7860.9896432681,,Ford,Focus,1998
7360C8197RUS,Ford Focus,2,9600.0,,Ford,Focus,2015
T6418M116RUS,Ford Focus,1,49200.0,,Ford,Focus,1997
7248C8197RUS,Ford Mondeo,2,34400.0,,Ford,Mondeo,2003
Y194O8161RUS,Ford Focus,2,900.0,,Ford,Focus,2015
9881HX152RUS,Ford Focus,2,20600.0,,Ford,Focus,1993
T6359O50RUS,Ford Focus,2,13500.0,,Ford,Focus,1987
E29677161RUS,Ford Focus,2,6000.0,2.0,Ford,Focus,1981
T020MM116RUS,Skoda Octavia,2,3000.0,,Skoda,Octavia,1988
C798ET50RUS,Ford Focus,1,5000.0,,Ford,Focus,1997
Y7719C197RUS,Ford Focus,2,4600.0,,Ford,Focus,1986
9502XX38RUS,Skoda Octavia,1,3000.0,,Skoda,Octavia,2009
8521XX154RUS,Ford Focus,1,1000.0,,Ford,Focus,1990
Y273O8197RUS,Ford Focus,2,26300.0,,Ford,Focus,2014
M580CH197RUS,Ford Focus,2,47500.0,,Ford,Focus,2006
K376HE161RUS,Ford Focus,1,100.0,,Ford,Focus,2007
7193TT36RUS,Ford Focus,2,3300.0,,Ford,Focus,2003
O785T9163RUS,Ford Focus,1,500.0,2.0,Ford,Focus,1986
H618YC38RUS,Volkswagen Golf,1,300.0,,Volkswagen,Golf,2000
Y7689C197RUS,Ford Focus,1,36000.0,,Ford,Focus,1982
M592CH197RUS,Skoda Octavia,1,3500.0,,Skoda,Octavia,2012
Y352O8197RUS,Ford Focus,2,77700.0,,Ford,Focus,2001
9068EM178RUS,Ford Focus,1,600.0,,Ford,Focus,1981
7783KT197RUS,Ford Focus,1,6000.0,,Ford,Focus,2004
Y305E877RUS,Ford Focus,2,2500.0,,Ford,Focus,2012
E881OT197RUS,Skoda Octavia,2,5500.0,,Skoda,Octavia,2002
Y8259C197RUS,Ford Focus,2,3000.0,,Ford,Focus,2001
Y969O8197RUS,Ford Focus,2,7800.0,3.0,Ford,Focus,2003
92928M178RUS,Ford Focus,2,3000.0,,Ford,Focus,1980
O718MM163RUS,Ford Focus,2,7000.0,,Ford,Focus,2010
Y7129Y50RUS,Ford Focus,1,7860.9896432681,,Ford,Focus,1987
9975CC77RUS,Ford Focus,2,7000.0,,Ford,Focus,2013
C592EY154RUS,Ford Focus,1,2000.0,,Ford,Focus,1985
7364C8197RUS,Ford Focus,1,4500.0,,Ford,Focus,2001
T195OK161RUS,Ford Mondeo,1,6700.0,,Ford,Mondeo,1989
Y966O8197RUS,Ford Focus,2,20800.0,,Ford,Focus,2004
T914CT197RUS,Toyota Camry,2,7200.0,,Toyota,Camry,2013
E41977152RUS,Ford Focus,2,2400.0,,Ford,Focus,1994
T171CC96RUS,Ford Focus,1,1000.0,,Ford,Focus,2002
9464EX178RUS,Ford Focus,2,2100.0,3.0,Ford,Focus,1980
O50197197RUS,Ford Focus,2,7800.0,,Ford,Focus,2001
7608EE777RUS,Skoda Octavia,1,4000.0,,Skoda,Octavia,2015
X583HE161RUS,Ford Focus,1,3000.0,,Ford,Focus,2013
Y7229Y50RUS,Ford Focus,2,2500.0,,Ford,Focus,1997
M6977E152RUS,Ford Focus,1,500.0,,Ford,Focus,1982
K2797K154RUS,Ford Focus,1,800.0,,Ford,Focus,1997
8325M7154RUS,Ford Focus,1,1000.0,1.0,Ford,Focus,2007
Y192O8161RUS,Ford Focus,2,300.0,,Ford,Focus,1995
7784KT197RUS,Ford Focus,1,6600.0,,Ford,Focus,1992
96599X178RUS,Ford Focus,1,500.0,,Ford,Focus,1984
X760HY197RUS,Ford Focus,1,10100.0,,Ford,Focus,1996
Y358O8197RUS,Ford Focus,2,10900.0,,Ford,Focus,2003
H966HY161RUS,Ford Focus,1,500.0,,Ford,Focus,1999
9938KK197RUS,Ford Focus,2,28500.0,,Ford,Focus,2001
98087H178RUS,Ford Focus,1,7860.9896432681,,Ford,Focus,1994
K2807K154RUS,Ford Focus,1,500.0,,Ford,Focus,2002
H977HY161RUS,Ford Focus,1,600.0,,Ford,Focus,2017
7367C8197RUS,Ford Focus,1,6000.0,2.0,Ford,Focus,2011
9137X938RUS,Ford Focus,1,1600.0,,Ford,Focus,1982
Y356O8197RUS,Ford Focus,2,15300.0,,Ford,Focus,1985
9398MM199RUS,Volkswagen Passat,1,300.0,,Volkswagen,Passat,2015
8436XX154RUS,Ford Focus,1,2400.0,,Ford,Focus,2017
8180XX154RUS,Ford Focus,2,1400.0,,Ford,Focus,2015
E53477152RUS,Ford Focus,1,7200.0,,Ford,Focus,1987
O718MM163RUS,Ford Focus,2,3500.0,,Ford,Focus,1991
9677MO178RUS,Ford Mondeo,1,1100.0,,Ford,Mondeo,2017
9498KX178RUS,Ford Focus,1,4000.0,,Ford,Focus,1991
K436MO152RUS,Ford Focus,2,3000.0,,Ford,Focus,1999
7194TT36RUS,Ford Focus,2,2300.0,,Ford,Focus,1994
7364C8197RUS,Ford Focus,2,4500.0,2.0,Ford,Focus,2017
O136HO197RUS,Toyota Corolla,2,7800.0,,Toyota,Corolla,2017
O68897197RUS,Ford Focus,2,12300.0,,Ford,Focus,1994
O718MM163RUS,Ford Focus,2,7860.9896432681,,Ford,Focus,2017
7065C8197RUS,Volkswagen Passat,2,11400.0,,Volkswagen,Passat,1996
O22097197RUS,Ford Focus,1,24300.0,,Ford,Focus,1983
Y163O8161RUS,Ford Focus,2,1600.0,,Ford,Focus,1988
M0309X197RUS,Ford Focus,1,22300.0,,Ford,Focus,2012
O673E8197RUS,Ford Focus,2,600.0,,Ford,Focus,2016
8610T8154RUS,Ford Focus,1,2000.0,,Ford,Focus,1987
H419XE197RUS,Toyota Corolla,2,7860.9896432681,2.0,Toyota,Corolla,1991
96857X197RUS,,0,124324.8687462017,,Skoda,Octavia,2015
H217X836RUS,,0,140286.46860222862,,Ford,Focus,1998
X759HY197RUS,,1,8596.520488012078,,Ford,Focus,1998
T119CT96RUS,,1,13513.560090562409,,Ford,Focus,2012
92788M178RUS,,1,108911.53254856492,,Ford,Focus,1988
Y7429Y50RUS,,1,128251.76548091306,,Ford,Focus,1996
Y6829Y50RUS,,1,27224.341216075725,,Ford,Focus,1981
92898M178RUS,,0,110695.96705269143,,Ford,Focus,1992
O83797197RUS,,1,27238.09274408466,,Ford,Focus,1994
98047H178RUS,,1,83165.62624307361,,Ford,Focus,2012
Y7699C197RUS,,0,176449.3638646219,,Ford,Focus,2007
9935TE152RUS,,0,151849.09648944455,,Ford,Focus,1985
8603T8154RUS,,1,124575.46956116974,,Ford,Focus,1985
M701T9152RUS,,1,83357.52711619978,,Ford,Focus,1995
708487163RUS,,1,165027.5743398258,,Ford,Focus,2008
98017H178RUS,,0,131888.8909667589,,Ford,Focus,2014
H218X836RUS,,1,477.8801106219712,,Ford,Focus,2005
T6359O50RUS,,0,121159.97207080723,,Ford,Focus,2005
73467Y96RUS,,0,104216.41270717818,,Ford,Focus,1980
C476M7161RUS,,0,86273.0940548089,,Ford,Focus,1999
M375CH197RUS,,0,78557.83283781944,,Ford,Focus,2012
M298CH161RUS,,1,65459.371027750836,,Ford,Focus,1999
X763HY197RUS,,1,51217.37466545509,,Ford,Focus,2004
9491H7178RUS,,1,138987.38754540333,,Volkswagen,Jetta,1998
E40877152RUS,,1,128875.79053840965,,Ford,Focus,2018
O21997197RUS,,1,29393.28156292677,,Ford,Focus,1984
H385TM197RUS,,1,136951.32836165183,,Volkswagen,Passat,2001
9941KK197RUS,,1,141470.4875379539,,Ford,Focus,1990
8166XX154RUS,,0,132975.32677669823,,Ford,Focus,2017
9498KX178RUS,,1,41261.396409673,,Ford,Focus,2009
T6459O50RUS,,0,59505.04549426829,,Ford,Focus,2006
9697MO178RUS,,1,49776.1865318583,,Volkswagen,Golf,1988
E53277152RUS,,1,161577.95359470416,,Ford,Focus,1994
9028CO161RUS,,0,166529.5544127228,,Ford,Focus,1983
M741T9152RUS,,0,111381.74418470693,,Ford,Focus,2002
Y187O8161RUS,,1,25160.714701147303,,Ford,Focus,2018
E811HE77RUS,,0,24841.48066744276,,Ford,Focus,2000
7183TT36RUS,,1,65919.65164842727,,Ford,Focus,1991
H906YK197RUS,,1,20872.969839174624,,Ford,Focus,2003
7830C8197RUS,,1,92178.69895845206,,Ford,Focus,2003
8521XX154RUS,,1,46758.17345283479,,Ford,Focus,1986
Y166O8161RUS,,1,19974.97281026306,,Ford,Focus,2014
C420X938RUS,,1,33941.71814756762,,Ford,Focus,2007
7065C8197RUS,,1,58380.25400119731,,Volkswagen,Passat,2015
7843C8197RUS,,0,119830.49187536376,,Ford,Focus,2002
E41577152RUS,,0,56221.45504294107,,Ford,Focus,1994
Y966O8197RUS,,1,94358.380955207,,Ford,Focus,2012
707987163RUS,,1,60144.93827232496,,Ford,Focus,2000
9068EM178RUS,,0,15991.44215699561,,Ford,Focus,1993
97977H178RUS,,1,15982.607290699065,,Ford,Focus,1985
X523OM161RUS,,1,45487.48822783526,,Ford,Focus,1982
9470EX178RUS,,0,39364.78422926958,,Ford,Focus,1996
Y8399C197RUS,,0,11377.78517329732,,Ford,Focus,1985
O719MM163RUS,,1,140022.0949715102,,Ford,Focus,2011
M580CH197RUS,,1,89354.17044704771,,Ford,Focus,1983
9474EX178RUS,,1,49437.68669688222,,Ford,Focus,1986
O134HE197RUS,,0,145789.01154566134,,Ford,Focus,2012
Y193O8161RUS,,1,60847.933961808805,,Ford,Focus,2006
O64297197RUS,,1,35290.30945404745,,Ford,Focus,1985
Y316E877RUS,,1,61620.39459646364,,Ford,Focus,1986
Y965EE197RUS,,1,121131.29520053418,,Ford,Focus,2004
8685HE154RUS,,0,51032.288395002266,,Ford,Focus,2013
7781KT197RUS,,1,47891.45328518529,,Ford,Focus,2019
8311XX154RUS,,0,158617.29711183882,,Ford,Focus,2014
T394KX197RUS,,1,97089.47427297154,,Ford,Focus,1990
M0319X197RUS,,0,133903.34778529452,,Ford,Focus,1985
H220X836RUS,,0,161615.75049661193,,Ford,Focus,2015
96907X197RUS,,0,49385.600466827476,,BMW,,1988
X757HY197RUS,,0,96065.05008097817,,Ford,Focus,1997
X767HY197RUS,,1,24061.50020476983,,Ford,Focus,2008
M2169X197RUS,,0,173137.74882032757,,Ford,Focus,1991
M0289X197RUS,,1,146260.82137052377,,Ford,Focus,1991
T948OM96RUS,,1,117288.47879165175,,Ford,Focus,2004
Y967O8197RUS,,1,36486.115358821946,,Ford,Focus,2001
O6939X163RUS,,1,174751.02224319568,,Ford,Focus,1988
704687163RUS,,1,6492.933287711008,,Ford,Focus,2005
9466EX178RUS,,1,76239.83730883006,,Ford,Focus,1983
M268CH197RUS,,0,170000.12225838678,,Toyota,Camry,2013
E34877152RUS,,1,57525.83327930135,,Ford,Focus,1983
708587163RUS,,1,139866.88204447032,,Ford,Focus,1996
94178K154RUS,,1,175518.9788417755,,Ford,Focus,1983
E33177152RUS,,1,126378.03283739854,,Ford,Focus,1997
M302CH161RUS,,1,54524.980244555714,,Ford,Focus,2007
7066C8197RUS,,1,174362.6364556156,,Volkswagen,Passat,2014
K329T8197RUS,,0,71288.80341685833,,Skoda,Octavia,2017
97998K152RUS,,0,171240.50049406142,,Ford,Focus,2009
H004MH197RUS,,0,23380.146180210064,,Ford,Focus,2002
T171CC96RUS,,0,168677.84428243438,,Ford,Focus,1988
T6309O50RUS,,1,136303.73473518275,,Ford,Focus,1990
9496KX178RUS,,1,8396.858760569232,,Ford,Focus,2017
7199MT197RUS,,0,119350.69885732466,,Volkswagen,Golf,1982
E33577152RUS,,0,40860.16412348704,,Ford,Focus,2016
Y156E877RUS,,0,93549.16933902219,,Ford,Focus,2002
T399KX197RUS,,1,91970.48584070332,,Ford,Focus,2001
T6039O50RUS,,1,19446.792781566564,,Ford,Focus,2015
83218C154RUS,,1,146729.91018971533,,Ford,Focus,1995
Y344E877RUS,,0,173245.29777310838,,Ford,Focus,2015
Y388E877RUS,,1,106039.94250062437,,Ford,Focus,1990
7844C8197RUS,,1,72824.94391458406,,Ford,Focus,2000
Y969O8197RUS,,0,118092.27092938883,,Ford,Focus,1980
H003MH197RUS,,1,71293.8988171337,,Ford,Focus,1989
E42277152RUS,,0,107179.91054083404,,Ford,Focus,2007
98037H178RUS,,1,77937.9007834448,,Ford,Focus,1996
T242H8197RUS,,0,27601.2608864143,,Skoda,Octavia,2014
H232YH197RUS,,1,153823.76999810897,,Ford,Focus,1982
M0269X197RUS,,1,64744.1992612975,,Ford,Focus,2011
C313MM99RUS,,0,18505.66429698667,,Toyota,Camry,2001
7783KT197RUS,,0,6801.242222805471,,Ford,Focus,2015
X015HY197RUS,,0,82122.22906122521,,Toyota,Corolla,1983
9583EY178RUS,,0,23153.895678295175,,Ford,Focus,2004
8049HT125RUS,,1,126701.93227293389,,Ford,Focus,1997
Y038E877RUS,,0,11504.996440134602,,Ford,Focus,1992
T6129O50RUS,,0,645.2634014750943,,Ford,Focus,1985
9589EY178RUS,,1,16137.982839381599,,Ford,Focus,2019
K330T8197RUS,,1,145074.62416370073,,Skoda,Octavia,2017
9594HY161RUS,,1,126244.16095318682,,Ford,Focus,2013
Y255E877RUS,,1,154823.03123727313,,Ford,Focus,2015
E816HE77RUS,,1,144316.2667921635,,Ford,Focus,2002
9881HX152RUS,,1,41232.43105076134,,Ford,Focus,1995
T8008Y125RUS,,0,91614.11360801916,,Ford,Focus,2015
H115YO163RUS,,0,97348.50843188178,,Ford,Focus,2009
9890HX152RUS,,0,52937.819972978155,,Ford,Focus,2012
E552MO152RUS,,1,66521.804832739,,Ford,Focus,2008
H980HY161RUS,,0,48720.49131517994,,Ford,Focus,2019
E29577161RUS,,0,16887.07885272473,,Ford,Focus,1998
E52677152RUS,,0,135588.45458548205,,Ford,Focus,2011
Y351O8197RUS,,0,131522.47255428776,,Ford,Focus,1986
K328T8197RUS,,0,752.2140461968997,,Volkswagen,Golf,1984
H237YH197RUS,,0,43209.333383647936,,Ford,Focus,1980
Y7379Y50RUS,,1,48622.1493514486,,Ford,Focus,1994
96629X178RUS,,1,142518.86843012174,,Ford,Focus,2001
7828C8197RUS,,0,91387.42841846574,,Ford,Focus,1987
T483CT96RUS,,1,83877.01174043358,,Ford,Focus,1989
7363C8197RUS,,1,47393.038185602774,,Ford,Focus,2014
7089H8163RUS,,1,108606.98031821453,,Toyota,Corolla,1993
E79988152RUS,,0,157705.8201382549,,Ford,Focus,1982
Y164O8161RUS,,0,178793.3794605284,,Ford,Focus,1993
E316EH197RUS,,0,4940.387304199117,,Volkswagen,,2008
704787163RUS,,1,94484.43525362933,,Ford,Focus,2002
C803KE163RUS,,0,7938.073418478623,,Volkswagen,Jetta,1985
E394MO152RUS,,0,151875.1008716555,,Ford,Focus,2018
8224XX154RUS,,0,114932.07863091696,,Ford,Focus,1980
705387163RUS,,0,71332.13303806234,,Ford,Focus,2015
X522OM161RUS,,0,55320.98154696101,,Ford,Focus,1997
9464EX178RUS,,0,11135.843708835266,,Ford,Focus,2005
96599X178RUS,,0,161388.54433754084,,Ford,Focus,2013
X256HE161RUS,,0,163932.03821231326,,Ford,Focus,1982
96429X178RUS,,0,171174.97139152596,,Ford,Focus,1989
Y778EE197RUS,,0,165555.6986742655,,Volkswagen,Golf,2010
T6049O50RUS,,1,5821.430757327275,,Ford,Focus,1988
8451M7154RUS,,0,157718.21557388248,,Ford,Focus,1994
C903MC161RUS,,0,7691.787914061545,,Volkswagen,Jetta,2000
T6329O50RUS,,0,176515.19758142406,,Ford,Focus,2004
E0697X152RUS,,1,136616.85612387137,,Skoda,Octavia,2011
H967HY161RUS,,1,161046.23765007945,,Ford,Focus,2019
T018OX197RUS,,0,135320.54461618394,,Toyota,Corolla,1990
Y654E8750RUS,,0,163117.3261924051,,Skoda,Octavia,1996
9677MO178RUS,,0,133381.73970499635,,Ford,Mondeo,2015
E33477152RUS,,0,162923.3431514175,,Ford,Focus,1995
Y234E877RUS,,0,5110.212721063381,,Ford,Focus,2013
E645TH36RUS,,0,122452.11809191121,,Ford,Focus,1993
E40577152RUS,,1,152355.7023113944,,Ford,Focus,2016
M3879X197RUS,,0,159758.2774932667,,Volkswagen,Touareg,2003
O83597197RUS,,1,7620.789015855352,,Ford,Focus,1997
Y274O8197RUS,,1,86140.9878188715,,Ford,Focus,2009
H976HY161RUS,,1,104951.19986596072,,Ford,Focus,1983
X760HY197RUS,,1,40097.59405817168,,Ford,Focus,1984
O68897197RUS,,1,77757.84051486793,,Ford,Focus,1987
7361C8197RUS,,0,150679.5626293591,,Ford,Focus,1983
7789KT197RUS,,0,176189.29175293448,,Ford,Focus,1991
E28877161RUS,,0,120411.57903187335,,Ford,Focus,1996
H957HY161RUS,,1,165284.43566177235,,Ford,Focus,1988
X255HE161RUS,,1,26283.61074775605,,Ford,Focus,1983
T6428M116RUS,,0,81309.08671828051,,Ford,Focus,1989
K559KC161RUS,,0,15868.041392440107,,Ford,Focus,2002
X796TH96RUS,,0,33002.66553203931,,Ford,Focus,2018
7197TT36RUS,,0,96890.82260952673,,Ford,Focus,1985
K338T8197RUS,,1,122142.94216016491,,Ford,Focus,2013
T396KX197RUS,,0,48936.105884394885,,Ford,Focus,2005
7147OE161RUS,,1,115309.41508602575,,Ford,Focus,1982
C589EY154RUS,,0,158380.51811957423,,Ford,Focus,2019
T914CT197RUS,,1,135662.1405765097,,Toyota,Camry,1989
T195OK161RUS,,1,102708.71270705746,,Ford,Mondeo,1986
K889HY161RUS,,1,127152.4960621997,,Ford,Mondeo,1985
H259HY161RUS,,1,59641.094049667816,,Toyota,Corolla,1985
E445TC197RUS,,0,110982.7291638805,,Ford,Focus,2010
9943OH154RUS,,1,124652.18305015558,,Skoda,Octavia,2017
Y273O8197RUS,,1,8255.072665868436,,Ford,Focus,2006
H427YH197RUS,,1,6691.347032464705,,Volkswagen,Passat,1985
9975CC77RUS,,1,62055.58216042393,,Ford,Focus,1987
X908XC197RUS,,0,145884.78874780258,,Volkswagen,Jetta,2013
9883HX152RUS,,1,76624.75246463595,,Ford,Focus,1995
E53477152RUS,,0,155190.53189486827,,Ford,Focus,1994
9428EX178RUS,,1,52847.3322901818,,Ford,Focus,1990
E42577152RUS,,1,54900.18614348354,,Ford,Focus,2009
X786CO96RUS,,1,158871.09143504614,,Ford,Focus,2000
8316XX154RUS,,1,68304.32004195907,,Ford,Focus,1999
O78097197RUS,,0,91342.34506178515,,Ford,Focus,1986
92828M178RUS,,0,143229.67630077442,,Ford,Focus,1991
92928M178RUS,,1,60550.192032781495,,Ford,Focus,1989
A111AA77RUS,Tesla Model 3,0,2500.0,,Tesla,Model 3,2020
B222BB77RUS,Porsche 911,1,1800.0,,Porsche,911,2021
C333CC77RUS,Lexus RX350,0,3200.0,,Lexus,RX350,2019
D444DD77RUS,Volvo XC90,1,1500.0,,Volvo,XC90,2022
E555EE77RUS,Mazda CX-5,0,2700.0,,Mazda,CX-5,2018
